Brand,Processor Type,RAM Size (GB),Storage (GB),Screen Size (inches),Operating System,Price ($)
Acer,Intel Core i5,16,256,17.3,macOS,1808.8652247496032
Acer,Intel Core i7,32,2048,13.3,macOS,2020.9230545270154
Apple,AMD Ryzen 5,32,512,17.3,Linux,1152.4531885247868
HP,AMD Ryzen 5,8,512,15.6,macOS,1884.4574055414453
Lenovo,AMD Ryzen 7,64,256,17.3,macOS,2780.7791644093886
Apple,Intel Core i7,64,512,17.3,macOS,1462.7179141756044
Lenovo,Intel Core i5,16,2048,17.3,Windows,2020.7160076309665
HP,AMD Ryzen 5,16,1024,17.3,macOS,2272.7916947689882
HP,AMD Ryzen 7,64,256,15.6,Linux,1275.023449426506
Lenovo,Intel Core i7,64,2048,14.0,Windows,2163.0244868529244
Lenovo,AMD Ryzen 7,32,1024,15.6,macOS,2700.5060403135317
Dell,AMD Ryzen 7,64,2048,14.0,Linux,1992.0
Lenovo,Intel Core i7,16,1024,15.6,Windows,2091.226140801463
HP,AMD Ryzen 7,8,512,15.6,Linux,593.9205099369308
Dell,AMD Ryzen 7,16,256,13.3,macOS,978.0939333930327
Dell,AMD Ryzen 7,64,256,17.3,macOS,1946.998024534349
Acer,AMD Ryzen 7,64,512,14.0,Windows,1607.0114548580593
Acer,AMD Ryzen 7,32,1024,13.3,Linux,1173.9987760534377
Apple,AMD Ryzen 5,64,2048,13.3,macOS,859.280264175979
Apple,Intel Core i5,32,1024,17.3,Windows,1796.49757266886
Apple,Intel Core i7,32,512,15.6,Windows,464.8773799386489
Acer,AMD Ryzen 7,32,256,17.3,Linux,1208.0929408043435
Acer,Intel Core i7,32,2048,15.6,macOS,1253.5866932130082
HP,Intel Core i7,32,512,17.3,Windows,1299.0660445922063
Apple,Intel Core i7,32,512,17.3,Windows,1266.1609762241328
Acer,AMD Ryzen 5,16,512,13.3,Linux,1429.0728743827685
Acer,AMD Ryzen 5,16,512,15.6,Linux,2979.7160179160956
Dell,Intel Core i7,8,2048,13.3,macOS,1271.2088106975723
Lenovo,Intel Core i5,64,256,13.3,Linux,2137.454186391223
Acer,AMD Ryzen 7,16,256,14.0,Windows,2807.865133779677
HP,Intel Core i5,8,256,15.6,macOS,1476.1090221966008
HP,Intel Core i5,8,1024,17.3,macOS,1241.2185688666043
Acer,Intel Core i5,16,512,14.0,macOS,1727.4848066234867
Dell,AMD Ryzen 7,8,1024,14.0,macOS,2028.1151957966235
Dell,Intel Core i5,32,512,15.6,Windows,1313.7766464688034
HP,Intel Core i7,32,1024,13.3,macOS,2576.343351388994
Dell,Intel Core i5,8,2048,15.6,macOS,676.935813269329
Dell,Intel Core i5,8,256,13.3,Windows,1605.2135952021815
Acer,AMD Ryzen 5,64,512,15.6,Linux,2954.349334783591
HP,AMD Ryzen 7,32,2048,17.3,Linux,1228.0
Apple,AMD Ryzen 5,64,256,17.3,Windows,2533.969765405331
Acer,AMD Ryzen 5,32,1024,17.3,Windows,1717.0
Acer,Intel Core i5,8,1024,17.3,Linux,1415.0580048881773
Acer,AMD Ryzen 7,64,256,15.6,Linux,1381.7756353588802
Dell,AMD Ryzen 7,8,256,17.3,macOS,1868.25339456671
Apple,Intel Core i7,32,1024,17.3,Windows,1764.5999170889784
Dell,AMD Ryzen 5,64,256,13.3,Linux,2914.0860063517175
Acer,AMD Ryzen 5,8,256,15.6,Linux,3117.21089558675
HP,Intel Core i5,64,1024,14.0,macOS,1190.147795170863
Acer,Intel Core i7,16,2048,13.3,macOS,2081.984389402649
Dell,Intel Core i5,8,2048,14.0,Windows,1198.531205040831
Apple,AMD Ryzen 5,64,512,13.3,Windows,2697.676040632539
Apple,AMD Ryzen 5,32,512,14.0,macOS,948.8500798670718
Apple,Intel Core i7,8,256,15.6,macOS,1768.736475156994
Dell,Intel Core i7,16,2048,13.3,macOS,784.0
Lenovo,Intel Core i7,64,256,13.3,macOS,1275.0
Acer,AMD Ryzen 5,64,1024,13.3,macOS,1390.3604581814643
Apple,Intel Core i7,32,1024,17.3,Windows,1395.0
Acer,Intel Core i5,8,1024,13.3,macOS,1629.9376956587737
HP,AMD Ryzen 5,8,256,14.0,macOS,1960.6678519587638
Acer,AMD Ryzen 5,32,1024,14.0,Windows,1657.6519504101236
Lenovo,AMD Ryzen 5,32,256,14.0,Windows,2321.0
Apple,AMD Ryzen 7,32,2048,17.3,Linux,2600.1782271078355
Acer,AMD Ryzen 5,32,512,15.6,Linux,991.0012075254534
Acer,AMD Ryzen 7,8,256,14.0,macOS,1804.3115431562205
Lenovo,Intel Core i5,8,1024,13.3,Linux,2208.1618818676525
Acer,AMD Ryzen 5,16,2048,15.6,macOS,1256.493089474291
HP,Intel Core i7,8,512,15.6,Windows,2989.650640720959
Dell,Intel Core i5,64,2048,14.0,Windows,1217.0
HP,AMD Ryzen 5,8,512,14.0,Linux,1616.015889545276
Lenovo,AMD Ryzen 7,64,512,13.3,Linux,2333.5306569784807
Lenovo,AMD Ryzen 7,8,512,15.6,Windows,1813.9762869053955
Lenovo,AMD Ryzen 5,32,2048,15.6,macOS,2041.4646639912262
Dell,AMD Ryzen 5,8,512,15.6,Windows,2504.0691733671233
Lenovo,Intel Core i5,8,1024,13.3,Linux,2190.3756737490753
Lenovo,Intel Core i5,16,512,14.0,macOS,1351.2831115862393
Apple,AMD Ryzen 5,16,2048,17.3,Linux,2842.4126317966316
HP,Intel Core i5,8,2048,13.3,macOS,1228.0
Lenovo,Intel Core i5,32,512,13.3,macOS,1512.1991398983214
Lenovo,AMD Ryzen 7,32,1024,13.3,Linux,2316.498995929
Apple,AMD Ryzen 5,8,2048,15.6,Windows,2732.799231295283
HP,Intel Core i7,16,256,15.6,Windows,2992.0
HP,AMD Ryzen 7,16,2048,17.3,macOS,950.5425688272803
HP,Intel Core i5,32,256,15.6,Windows,575.0
Dell,AMD Ryzen 5,64,1024,13.3,macOS,2103.409472697897
HP,AMD Ryzen 7,8,2048,13.3,macOS,2152.495567448329
HP,Intel Core i7,8,512,13.3,macOS,2657.013013006629
Apple,AMD Ryzen 7,8,256,17.3,Windows,2595.2240069786626
Acer,Intel Core i5,64,2048,14.0,Windows,1297.7005125320466
HP,Intel Core i7,16,2048,15.6,Windows,1180.6330685175983
Acer,AMD Ryzen 5,64,512,14.0,Windows,3051.495686747328
Apple,AMD Ryzen 5,32,256,14.0,Linux,2925.0652002687107
Apple,AMD Ryzen 5,64,512,14.0,Linux,1549.282896058958
Dell,AMD Ryzen 5,8,512,15.6,macOS,2212.736702425441
Dell,Intel Core i5,64,512,17.3,macOS,708.8320453472896
Lenovo,Intel Core i7,16,256,17.3,Windows,2093.570643901448
HP,AMD Ryzen 7,16,2048,17.3,Windows,2087.1348068959037
Apple,Intel Core i5,64,512,17.3,Windows,1250.0
HP,Intel Core i7,64,512,14.0,Windows,2724.0
Lenovo,Intel Core i5,32,512,14.0,Windows,2131.237776511112
Apple,Intel Core i7,64,512,14.0,macOS,2075.345491964168
Apple,AMD Ryzen 5,16,512,15.6,Linux,2887.6313379503786
Lenovo,Intel Core i7,8,1024,17.3,Windows,2253.1108852714538
Apple,Intel Core i5,32,256,15.6,macOS,2734.280473609941
Acer,AMD Ryzen 5,32,2048,13.3,Linux,1328.1826611176925
HP,Intel Core i5,8,2048,15.6,macOS,1905.037397487349
Lenovo,AMD Ryzen 5,32,1024,13.3,Windows,2285.394987085433
HP,AMD Ryzen 7,64,256,15.6,Linux,1270.4992395477416
Apple,Intel Core i7,64,512,15.6,Linux,788.2826409203042
Acer,AMD Ryzen 5,64,256,14.0,macOS,1515.7357112276713
Apple,AMD Ryzen 5,8,256,15.6,Windows,2653.069639016302
Dell,Intel Core i7,8,1024,14.0,macOS,833.9076802476508
Dell,AMD Ryzen 5,64,2048,13.3,macOS,1862.0001763370688
Apple,Intel Core i7,16,256,15.6,macOS,2075.670001834761
Dell,Intel Core i7,32,1024,17.3,macOS,1232.0
Apple,AMD Ryzen 5,16,512,14.0,macOS,922.0900207370051
Dell,Intel Core i5,16,256,15.6,Windows,1601.712377955619
Apple,Intel Core i7,8,512,13.3,macOS,1560.8972578488176
Lenovo,AMD Ryzen 5,32,512,13.3,Linux,1216.878215397178
Dell,Intel Core i5,64,1024,17.3,macOS,2728.6285158154146
Lenovo,Intel Core i5,64,2048,13.3,Linux,2194.235604111345
Lenovo,Intel Core i5,8,512,14.0,Windows,429.47132461440157
HP,AMD Ryzen 5,32,1024,14.0,macOS,2111.427201654808
HP,AMD Ryzen 5,64,256,15.6,macOS,1799.5534090343604
Acer,Intel Core i7,32,512,15.6,macOS,1994.3746540427187
HP,AMD Ryzen 7,8,512,13.3,Linux,1147.5665345335153
Acer,AMD Ryzen 7,8,256,17.3,Linux,1146.6618977864623
Dell,AMD Ryzen 7,32,256,17.3,Linux,1492.5813716393225
HP,Intel Core i5,64,2048,14.0,Windows,693.9032977865509
Apple,AMD Ryzen 7,32,256,15.6,macOS,2245.90090995119
Dell,AMD Ryzen 7,8,512,14.0,macOS,1852.1496559910554
Apple,Intel Core i7,32,2048,13.3,Windows,441.54744564834937
Apple,Intel Core i7,64,2048,13.3,Windows,922.7168488018555
Lenovo,Intel Core i5,32,512,15.6,macOS,1959.5586837890812
Apple,AMD Ryzen 5,64,2048,14.0,Linux,470.9065677553907
Dell,AMD Ryzen 5,32,1024,14.0,Windows,1796.0
HP,AMD Ryzen 5,64,256,14.0,macOS,2038.4133778329194
HP,AMD Ryzen 7,64,512,15.6,macOS,2947.2478882832393
Lenovo,Intel Core i5,16,256,13.3,Windows,511.0
Acer,AMD Ryzen 7,8,512,17.3,Windows,1890.0
HP,Intel Core i5,16,256,17.3,macOS,2071.0
Acer,AMD Ryzen 7,32,256,15.6,Windows,2554.335786355513
Acer,Intel Core i5,64,256,13.3,macOS,1722.6575120526534
Dell,Intel Core i7,64,256,13.3,macOS,1651.4447573998184
Lenovo,AMD Ryzen 7,8,1024,15.6,Windows,1605.2706338283897
Apple,AMD Ryzen 7,32,1024,17.3,Windows,2500.28488508354
Apple,Intel Core i7,32,256,17.3,Windows,1409.1691121157476
HP,Intel Core i5,32,2048,14.0,macOS,2088.4502542252767
Apple,AMD Ryzen 5,64,256,13.3,Linux,1475.4738902335032
Acer,Intel Core i5,32,2048,13.3,macOS,1565.6194321522155
HP,AMD Ryzen 5,16,512,13.3,Linux,1718.796476990375
Apple,Intel Core i5,16,512,14.0,Windows,2425.243223566405
Apple,Intel Core i7,16,256,15.6,Windows,1682.0266071285955
Apple,AMD Ryzen 5,64,256,13.3,Linux,631.1912843814175
Dell,AMD Ryzen 5,64,2048,14.0,Windows,2437.311855786893
Acer,AMD Ryzen 5,64,256,15.6,macOS,1190.6971223868834
Acer,AMD Ryzen 5,16,1024,14.0,Linux,1254.6979417705797
HP,AMD Ryzen 5,16,512,15.6,Linux,1974.2793134256085
HP,AMD Ryzen 5,16,512,14.0,macOS,1865.0
Dell,Intel Core i5,16,512,15.6,Windows,1693.5880429388503
Lenovo,Intel Core i5,64,2048,15.6,macOS,1952.1859941288103
HP,Intel Core i5,8,512,14.0,Windows,675.9880630216473
Apple,Intel Core i7,64,1024,15.6,Windows,495.4444292205919
Apple,Intel Core i5,32,256,17.3,macOS,2053.8142125533345
Apple,Intel Core i7,16,256,13.3,Windows,847.7840716844901
Apple,Intel Core i7,16,256,15.6,Linux,638.3826242175592
HP,Intel Core i7,8,512,13.3,macOS,2579.9085193690785
Lenovo,Intel Core i5,32,2048,14.0,macOS,1395.5168547865578
Apple,AMD Ryzen 7,8,256,17.3,Windows,2409.8307321987386
Apple,Intel Core i7,64,1024,14.0,Windows,1433.3333747630516
Apple,AMD Ryzen 5,32,512,14.0,macOS,892.0030728500802
Apple,AMD Ryzen 5,16,2048,14.0,Windows,2601.725492870376
Apple,Intel Core i7,64,512,15.6,Windows,1363.8830629382164
Lenovo,Intel Core i5,64,1024,13.3,macOS,1527.445710796661
Dell,Intel Core i7,16,2048,15.6,macOS,1254.947762577226
HP,Intel Core i7,16,256,14.0,Windows,2655.215820507812
Lenovo,AMD Ryzen 5,8,1024,14.0,Windows,2340.678829374922
HP,AMD Ryzen 7,16,256,13.3,Linux,1272.085363235826
Lenovo,Intel Core i5,32,2048,15.6,Linux,2083.7056937436505
Apple,Intel Core i7,32,512,15.6,Windows,1718.7610011299407
Dell,Intel Core i5,64,2048,13.3,macOS,2796.195431192738
Dell,Intel Core i5,16,256,14.0,Windows,1218.236732120742
Apple,Intel Core i7,32,512,13.3,Windows,1626.6974585138923
Lenovo,Intel Core i5,64,512,13.3,Windows,2065.2086399418927
Dell,AMD Ryzen 7,32,1024,17.3,Linux,1428.268747596104
Acer,Intel Core i7,32,2048,15.6,macOS,1884.4147522798576
Dell,AMD Ryzen 5,16,256,14.0,Windows,1763.485313137045
Apple,Intel Core i7,64,512,14.0,Windows,811.2155624566
Apple,AMD Ryzen 7,32,256,17.3,Linux,2663.6129981123304
Apple,Intel Core i7,8,1024,17.3,Windows,582.7479122439964
HP,AMD Ryzen 7,16,2048,15.6,macOS,2144.17790826825
Apple,AMD Ryzen 5,64,256,15.6,Linux,536.7394593886743
Apple,Intel Core i5,64,512,14.0,macOS,2576.2588845425503
Dell,AMD Ryzen 7,8,1024,17.3,macOS,1929.248264194581
HP,AMD Ryzen 5,16,512,15.6,macOS,2352.3984104857172
Lenovo,AMD Ryzen 5,32,256,15.6,macOS,2841.735746262118
Apple,AMD Ryzen 5,16,2048,14.0,macOS,920.059995541971
Lenovo,AMD Ryzen 5,16,512,14.0,macOS,2822.29364118517
HP,AMD Ryzen 5,8,512,13.3,macOS,2126.060157198748
Apple,Intel Core i7,32,2048,15.6,macOS,1562.0
Apple,AMD Ryzen 5,8,256,13.3,Linux,589.0
Acer,AMD Ryzen 5,8,256,13.3,Linux,1329.9752149188266
Lenovo,Intel Core i5,8,1024,17.3,macOS,1881.7541167940192
HP,AMD Ryzen 7,64,512,13.3,macOS,1025.4869652366624
Lenovo,Intel Core i7,16,512,13.3,Windows,2166.191534229605
Acer,AMD Ryzen 5,16,1024,13.3,Windows,1647.352414673958
Apple,Intel Core i7,32,256,13.3,Windows,986.0669494588943
Dell,AMD Ryzen 5,16,512,15.6,macOS,2141.5250927083443
Lenovo,Intel Core i5,32,2048,15.6,macOS,1884.49643536728
Dell,AMD Ryzen 5,64,512,13.3,Linux,2955.4730386144597
Apple,Intel Core i7,16,2048,14.0,Windows,895.0
Dell,AMD Ryzen 5,16,512,14.0,Windows,2403.506802832261
Lenovo,Intel Core i5,8,256,14.0,Windows,608.589871950242
HP,Intel Core i7,8,512,17.3,Windows,1276.338940695006
Dell,AMD Ryzen 5,32,2048,17.3,Windows,1768.343849121838
Apple,AMD Ryzen 5,16,2048,15.6,Windows,2139.5344651552405
HP,AMD Ryzen 7,16,1024,13.3,Windows,2215.6574686151225
Apple,Intel Core i7,64,2048,17.3,Windows,555.9415204223789
Lenovo,AMD Ryzen 7,32,1024,13.3,Linux,2249.85364270771
Lenovo,AMD Ryzen 5,64,256,15.6,macOS,2685.564926859465
HP,Intel Core i7,16,1024,13.3,macOS,952.0282076092136
Lenovo,AMD Ryzen 5,64,1024,17.3,Linux,1048.0406004488236
HP,AMD Ryzen 7,8,512,15.6,macOS,1015.4985156132351
Apple,Intel Core i7,64,2048,17.3,Windows,536.0
Acer,AMD Ryzen 5,8,512,17.3,Windows,1714.3440046590435
Lenovo,Intel Core i5,16,256,13.3,Linux,2131.0
HP,Intel Core i5,64,1024,13.3,macOS,1983.409267113044
Apple,Intel Core i5,64,2048,13.3,macOS,1963.335889721556
Acer,AMD Ryzen 7,16,1024,13.3,macOS,1818.8250419172814
Lenovo,Intel Core i7,8,256,17.3,Windows,2258.3560479355556
HP,Intel Core i5,8,512,17.3,macOS,1990.4041394337648
Dell,Intel Core i5,16,2048,14.0,macOS,2809.8073204811753
Dell,Intel Core i7,64,2048,17.3,macOS,1668.752802897136
HP,AMD Ryzen 7,64,512,17.3,macOS,878.2780688152801
Dell,Intel Core i5,8,2048,13.3,Linux,614.0
Apple,AMD Ryzen 5,8,1024,17.3,Windows,2125.0
Apple,AMD Ryzen 5,16,1024,15.6,Windows,2129.6037728056085
HP,Intel Core i7,64,1024,15.6,Windows,2844.5871363806355
Lenovo,Intel Core i5,8,2048,13.3,Linux,2128.8594995939166
Dell,Intel Core i5,64,256,15.6,Linux,570.2472315572728
Acer,AMD Ryzen 7,8,256,14.0,Linux,1515.0
Acer,AMD Ryzen 7,16,512,17.3,macOS,1837.170207748397
Apple,AMD Ryzen 7,32,256,14.0,Windows,2453.3137665132317
Dell,AMD Ryzen 7,8,1024,17.3,macOS,1932.5844443759418
Lenovo,Intel Core i5,16,2048,17.3,Linux,869.5828833100172
Acer,AMD Ryzen 5,16,1024,14.0,Linux,1032.4310793272523
Lenovo,Intel Core i7,32,512,15.6,macOS,1274.177670456269
Apple,Intel Core i7,8,2048,17.3,Windows,1667.0
Dell,Intel Core i5,16,2048,14.0,Windows,1656.0
Dell,Intel Core i7,8,256,13.3,macOS,1263.776312401353
Acer,AMD Ryzen 5,64,2048,14.0,Windows,2945.0
Dell,Intel Core i7,64,2048,17.3,Windows,1731.0617424493348
Lenovo,Intel Core i5,32,2048,14.0,macOS,1482.830784876755
Dell,Intel Core i5,16,2048,17.3,macOS,2644.410694822723
HP,Intel Core i7,16,512,15.6,macOS,2630.580953174906
Dell,Intel Core i7,8,256,15.6,macOS,675.7115616415274
Apple,Intel Core i5,8,256,17.3,Windows,1795.5336385924215
Apple,Intel Core i7,32,1024,13.3,macOS,2085.931525801172
Apple,AMD Ryzen 5,8,2048,17.3,Linux,1720.3632652218603
HP,Intel Core i7,32,1024,17.3,macOS,1015.0
Apple,AMD Ryzen 5,8,256,17.3,Windows,2227.704151700889
Apple,Intel Core i7,64,256,17.3,Windows,868.0593968137011
HP,AMD Ryzen 5,16,512,17.3,Linux,2040.0
HP,Intel Core i7,8,256,13.3,Windows,3047.198570655135
HP,AMD Ryzen 7,16,256,15.6,macOS,1047.4823791500835
Apple,Intel Core i7,64,2048,13.3,Linux,721.9012739919519
HP,Intel Core i7,8,1024,17.3,macOS,2638.045301778507
Acer,AMD Ryzen 7,16,256,17.3,Windows,1572.622307353365
Apple,AMD Ryzen 5,32,1024,14.0,Windows,2013.4345246062137
Dell,Intel Core i7,64,256,14.0,macOS,1753.4598444239496
Lenovo,AMD Ryzen 5,32,256,17.3,macOS,1981.6744811056594
Dell,AMD Ryzen 5,32,2048,13.3,macOS,2075.029241984483
Apple,AMD Ryzen 7,32,2048,14.0,macOS,2344.0025969864323
Apple,Intel Core i5,16,512,13.3,macOS,2064.819751122005
Dell,Intel Core i7,8,1024,15.6,macOS,849.2377166448379
Acer,AMD Ryzen 5,32,1024,13.3,Linux,996.0
Acer,AMD Ryzen 5,32,1024,17.3,Windows,1736.883479131353
Acer,AMD Ryzen 7,16,2048,15.6,Linux,1552.8014878963847
Dell,Intel Core i7,32,256,15.6,macOS,1709.0
Acer,AMD Ryzen 7,64,512,17.3,Linux,1165.859853340838
Dell,Intel Core i5,64,512,13.3,macOS,661.3776947239123
HP,AMD Ryzen 5,32,2048,14.0,Linux,1955.9919376896144
HP,Intel Core i5,8,512,17.3,macOS,1145.3516072862362
Lenovo,AMD Ryzen 5,16,2048,14.0,macOS,2012.0180250428255
Lenovo,AMD Ryzen 7,32,256,13.3,macOS,2705.2196825748924
Acer,AMD Ryzen 5,16,512,15.6,macOS,1504.7327840686005
HP,AMD Ryzen 7,16,1024,15.6,Linux,1280.0140673529045
Apple,Intel Core i7,16,1024,17.3,Windows,521.6677427537874
HP,Intel Core i7,8,1024,17.3,Windows,1214.9750150165037
Apple,Intel Core i5,32,512,14.0,macOS,2006.1582126834053
HP,Intel Core i5,32,512,17.3,macOS,1527.416700381274
Acer,AMD Ryzen 5,32,512,13.3,Windows,1738.898733872865
Acer,AMD Ryzen 5,8,2048,13.3,Linux,2948.7539861879955
HP,AMD Ryzen 7,64,1024,13.3,Windows,2181.3408443111243
Acer,AMD Ryzen 5,16,1024,17.3,macOS,980.3598162399901
Apple,Intel Core i7,64,2048,15.6,Linux,770.5586209981295
Acer,AMD Ryzen 5,8,256,14.0,Linux,1340.7267303435278
Apple,AMD Ryzen 5,32,256,15.6,Windows,2623.9075433835087
Lenovo,AMD Ryzen 7,64,512,17.3,Linux,2282.0
Dell,AMD Ryzen 5,16,512,15.6,Windows,1858.532323005536
Dell,AMD Ryzen 5,8,2048,15.6,Windows,2389.8046577968994
Apple,AMD Ryzen 5,8,512,13.3,Linux,1119.7906700659587
Acer,AMD Ryzen 5,16,1024,13.3,Windows,2802.3875564006903
Apple,AMD Ryzen 5,64,256,17.3,Linux,1511.0592372761887
Apple,Intel Core i7,16,1024,13.3,macOS,1624.8276522912622
Apple,Intel Core i7,8,1024,15.6,Windows,500.34534312120684
Lenovo,AMD Ryzen 5,64,2048,15.6,Linux,1259.9586237777003
Dell,AMD Ryzen 7,8,1024,14.0,Linux,2030.713857951901
Lenovo,AMD Ryzen 5,16,2048,14.0,Linux,1113.6710266471282
HP,Intel Core i5,64,1024,17.3,Windows,625.864091084448
Dell,Intel Core i5,8,2048,13.3,macOS,2819.2726511843975
Lenovo,Intel Core i7,16,2048,14.0,macOS,1195.5481766503447
Dell,Intel Core i7,64,1024,13.3,macOS,1644.838678127067
Lenovo,AMD Ryzen 7,8,512,15.6,Linux,2198.425629259978
HP,AMD Ryzen 7,8,2048,15.6,macOS,2138.758890603771
Acer,Intel Core i5,32,256,17.3,Windows,1361.2606664617783
Apple,AMD Ryzen 5,32,512,14.0,Windows,2588.691253492576
Apple,AMD Ryzen 5,16,512,14.0,Linux,2906.4956402008575
Apple,AMD Ryzen 5,8,512,17.3,Windows,2585.7417401522525
Acer,Intel Core i5,8,1024,17.3,Linux,1355.0442557136275
Apple,AMD Ryzen 5,64,1024,13.3,Windows,2656.0
HP,AMD Ryzen 7,32,256,13.3,macOS,2210.0728106751562
Lenovo,Intel Core i5,16,1024,15.6,Linux,2203.723242748977
Apple,AMD Ryzen 5,16,1024,15.6,Windows,2599.439491122034
Apple,Intel Core i7,8,2048,15.6,Windows,1784.6590577979982
Lenovo,Intel Core i5,64,2048,13.3,Linux,763.3128844189024
Apple,AMD Ryzen 7,16,2048,14.0,Linux,2772.908194746883
Dell,AMD Ryzen 5,64,1024,15.6,macOS,1748.0984361642777
Lenovo,AMD Ryzen 7,8,512,17.3,macOS,2703.2676765838964
Dell,Intel Core i5,16,2048,14.0,Linux,542.9782739926577
Acer,AMD Ryzen 7,32,512,13.3,Linux,1606.0265157875094
Lenovo,AMD Ryzen 7,32,256,15.6,macOS,2783.2494076144894
Apple,AMD Ryzen 5,16,2048,15.6,Linux,1692.3716053872117
Apple,AMD Ryzen 5,8,512,14.0,Linux,528.2781847915201
Apple,AMD Ryzen 7,32,1024,15.6,macOS,2281.0
Apple,Intel Core i7,16,512,15.6,macOS,2016.1073900856504
Lenovo,Intel Core i5,8,1024,13.3,Linux,783.0426617692005
Acer,AMD Ryzen 7,64,256,13.3,Windows,2579.8902383089926
Acer,AMD Ryzen 7,32,2048,17.3,Windows,1932.4640494283829
Apple,AMD Ryzen 5,16,2048,13.3,macOS,898.9102385570372
Apple,Intel Core i7,16,1024,15.6,Windows,1679.3107981025018
Acer,AMD Ryzen 7,8,2048,15.6,macOS,1846.596528371789
Acer,AMD Ryzen 7,8,512,17.3,Windows,1887.5944021528576
Lenovo,Intel Core i5,64,1024,13.3,Windows,518.4480782591285
Dell,Intel Core i5,64,2048,13.3,macOS,2740.9723872850755
HP,AMD Ryzen 5,32,256,17.3,macOS,1946.5129523208489
Apple,AMD Ryzen 5,32,256,15.6,Linux,2697.8118163813897
Acer,AMD Ryzen 7,32,1024,15.6,Linux,1483.9597715258708
Lenovo,AMD Ryzen 5,32,512,15.6,macOS,2042.0
HP,Intel Core i5,8,256,15.6,macOS,1213.6313699261723
Dell,Intel Core i7,64,512,14.0,macOS,1732.978906252506
Acer,AMD Ryzen 7,8,2048,14.0,Linux,1402.5788551491733
Lenovo,Intel Core i5,32,512,14.0,macOS,1986.7156665830184
Apple,Intel Core i5,64,256,14.0,Linux,2319.0
Dell,Intel Core i7,8,1024,15.6,Windows,1754.50429428152
Apple,AMD Ryzen 5,8,1024,13.3,Windows,2249.3742407383747
Apple,AMD Ryzen 7,64,512,15.6,macOS,2305.0242160498706
Dell,AMD Ryzen 5,64,256,13.3,Linux,2876.449321575957
Lenovo,Intel Core i5,8,1024,15.6,Windows,2134.31618675667
HP,Intel Core i5,64,2048,14.0,macOS,1971.7222287101054
Dell,Intel Core i7,8,256,17.3,macOS,924.4967574095833
Acer,AMD Ryzen 7,8,256,14.0,Windows,1556.4107646191817
Acer,AMD Ryzen 5,64,2048,17.3,Linux,1243.024461284865
Apple,Intel Core i5,32,2048,13.3,macOS,2068.876395745772
HP,AMD Ryzen 7,64,256,17.3,Windows,2189.558372001446
Apple,AMD Ryzen 5,8,1024,17.3,Windows,2582.0
HP,AMD Ryzen 7,16,1024,15.6,Linux,618.0589970373815
Lenovo,AMD Ryzen 7,32,512,17.3,Windows,1668.998590577469
Apple,Intel Core i5,16,1024,15.6,Windows,1268.8676574045317
Apple,AMD Ryzen 5,32,512,13.3,Linux,2698.473398266513
Apple,Intel Core i5,32,2048,13.3,Linux,2275.6823815475586
HP,Intel Core i7,8,512,14.0,macOS,1141.0205168748746
Apple,AMD Ryzen 5,8,2048,13.3,Linux,1224.58554334102
HP,AMD Ryzen 7,64,2048,14.0,Linux,748.0605510260185
Lenovo,Intel Core i5,16,1024,15.6,Linux,835.0
Dell,AMD Ryzen 7,32,2048,15.6,Linux,1458.6875309537706
Apple,Intel Core i7,8,512,13.3,macOS,1709.0378906707358
HP,AMD Ryzen 7,64,256,13.3,Linux,643.0
Apple,Intel Core i7,8,2048,17.3,Windows,1382.4521985668894
HP,AMD Ryzen 5,64,512,15.6,macOS,2213.800645599011
Dell,AMD Ryzen 7,64,256,13.3,macOS,966.6249408345607
Dell,AMD Ryzen 7,64,1024,15.6,Linux,1428.6648861829876
Lenovo,Intel Core i5,16,1024,17.3,Linux,2103.4102390856674
Lenovo,AMD Ryzen 5,32,2048,15.6,Linux,1054.2637597280739
HP,AMD Ryzen 5,64,2048,15.6,macOS,1993.1151306731824
Dell,Intel Core i7,16,512,14.0,macOS,759.6366128788309
Apple,AMD Ryzen 7,32,2048,17.3,macOS,2173.939553500498
Apple,AMD Ryzen 5,64,2048,15.6,macOS,916.0937068239019
Lenovo,AMD Ryzen 5,8,512,17.3,macOS,2097.092614694289
Acer,AMD Ryzen 7,16,2048,15.6,Linux,1289.4903308666228
Dell,AMD Ryzen 5,32,256,13.3,macOS,1704.308704678988
Dell,AMD Ryzen 5,8,2048,15.6,Windows,2392.0
Acer,AMD Ryzen 5,16,256,15.6,Windows,1698.878807161825
Lenovo,AMD Ryzen 5,32,256,17.3,macOS,2773.4763763968563
Apple,Intel Core i5,64,2048,17.3,Windows,1363.2858777019399
Apple,Intel Core i5,64,256,15.6,macOS,2609.0
HP,Intel Core i7,64,512,13.3,macOS,1022.8781385749132
Apple,AMD Ryzen 7,32,1024,14.0,Linux,2755.4486800863597
HP,AMD Ryzen 7,16,512,15.6,macOS,1093.3800816652983
HP,AMD Ryzen 5,64,1024,13.3,Linux,2049.85132984272
Dell,AMD Ryzen 5,32,256,14.0,Linux,2944.0
HP,Intel Core i5,16,1024,13.3,Windows,575.8455372953196
HP,Intel Core i5,32,2048,15.6,macOS,1224.2701591300863
Apple,AMD Ryzen 5,32,1024,14.0,Windows,1988.072428364525
Dell,AMD Ryzen 5,16,2048,17.3,macOS,2142.669829711258
Dell,Intel Core i5,8,2048,14.0,macOS,2786.6673123303144
Lenovo,Intel Core i5,32,512,15.6,Windows,2236.0629488376912
Dell,AMD Ryzen 7,64,1024,13.3,macOS,867.5632681014797
Apple,AMD Ryzen 5,64,1024,13.3,Linux,2826.0
Lenovo,AMD Ryzen 7,16,2048,15.6,Linux,2272.4396971824517
Apple,Intel Core i7,8,512,13.3,macOS,2172.1546301408234
HP,AMD Ryzen 5,32,2048,13.3,macOS,1905.265823048593
Dell,Intel Core i7,8,256,17.3,macOS,1633.1879767446007
HP,AMD Ryzen 7,64,512,17.3,Windows,2199.687461971055
Acer,AMD Ryzen 5,32,512,13.3,macOS,1466.0922569945492
Apple,Intel Core i7,8,256,15.6,Windows,1438.9384496103003
Acer,AMD Ryzen 5,64,512,15.6,Windows,2987.4891707996044
Apple,AMD Ryzen 5,64,256,17.3,macOS,944.4127973573246
Dell,AMD Ryzen 5,8,512,14.0,macOS,2215.185833477668
Acer,AMD Ryzen 7,8,256,15.6,Windows,2548.4935485561205
Dell,AMD Ryzen 5,16,256,17.3,macOS,2136.0
HP,AMD Ryzen 7,32,512,13.3,macOS,2935.67676709141
Acer,AMD Ryzen 7,32,1024,17.3,Linux,1097.6973212863984
Apple,Intel Core i7,32,512,17.3,Linux,728.3786349174176
Dell,Intel Core i5,16,2048,13.3,Linux,568.5308720737617
HP,Intel Core i5,64,256,13.3,Windows,478.9708238643737
Acer,AMD Ryzen 7,32,256,15.6,Linux,1133.0
Apple,AMD Ryzen 5,64,512,17.3,macOS,896.0
Dell,AMD Ryzen 7,64,2048,14.0,macOS,979.5691724673165
Acer,AMD Ryzen 7,16,2048,17.3,Windows,1884.822879927967
Dell,AMD Ryzen 5,64,2048,14.0,macOS,1785.9427280859927
HP,AMD Ryzen 5,16,512,15.6,macOS,1802.7597411749728
Lenovo,AMD Ryzen 5,16,256,13.3,Windows,2218.979424744821
Apple,Intel Core i5,16,256,15.6,macOS,2607.756905279133
Apple,Intel Core i7,8,512,17.3,macOS,1544.2291851378036
Acer,Intel Core i5,64,2048,17.3,Linux,1351.0
Acer,AMD Ryzen 5,32,1024,15.6,Windows,3044.2356068563336
Apple,Intel Core i7,32,512,17.3,Linux,734.4524949968275
Dell,Intel Core i7,16,2048,15.6,macOS,1619.3361243857269
HP,AMD Ryzen 7,32,1024,13.3,macOS,2977.7219762982936
Dell,Intel Core i7,64,512,14.0,macOS,689.8704232327299
Acer,AMD Ryzen 7,64,1024,13.3,Windows,1788.2600240554702
Dell,Intel Core i5,8,512,14.0,Windows,1205.1185897159571
Acer,Intel Core i5,8,1024,13.3,Windows,1389.0835026176128
Dell,AMD Ryzen 7,64,512,13.3,Linux,1521.9662558791888
Acer,AMD Ryzen 5,8,512,13.3,Windows,2837.1325408677953
Dell,Intel Core i5,64,512,15.6,Linux,532.6843414628572
Dell,AMD Ryzen 7,32,512,14.0,Linux,1997.8449174163839
Apple,Intel Core i7,8,1024,14.0,Windows,867.599113292996
HP,AMD Ryzen 7,16,2048,15.6,Linux,628.288137524978
Dell,AMD Ryzen 5,64,512,13.3,macOS,1642.5004542255385
HP,AMD Ryzen 7,8,1024,13.3,Linux,708.3037552677979
Lenovo,AMD Ryzen 7,32,256,15.6,Windows,1748.0479189521607
HP,Intel Core i7,16,2048,13.3,Windows,2643.6787545842144
HP,AMD Ryzen 7,64,512,13.3,macOS,2222.046617984442
Lenovo,AMD Ryzen 5,32,1024,15.6,Linux,1072.2314010542407
Dell,AMD Ryzen 5,64,256,13.3,macOS,1810.5707851389302
Apple,Intel Core i5,32,2048,13.3,Linux,2295.3970536107518
HP,AMD Ryzen 7,8,256,15.6,macOS,926.0286917131168
Acer,Intel Core i5,32,512,14.0,Linux,1406.4239274408149
Acer,AMD Ryzen 7,32,2048,13.3,Linux,1384.0
HP,AMD Ryzen 5,32,2048,17.3,macOS,2058.529676406499
HP,Intel Core i7,16,512,15.6,macOS,2517.205183782768
Apple,AMD Ryzen 5,16,2048,17.3,macOS,794.222888422983
Lenovo,AMD Ryzen 5,32,2048,15.6,macOS,2028.0252919429538
Acer,AMD Ryzen 7,16,1024,17.3,macOS,1832.2773896269453
Apple,AMD Ryzen 7,8,2048,14.0,Windows,2315.177577888082
Acer,AMD Ryzen 5,32,256,13.3,macOS,1435.166632420335
Lenovo,Intel Core i5,16,1024,13.3,Windows,602.8989988881143
HP,AMD Ryzen 7,8,1024,15.6,macOS,1075.61754473571
Acer,AMD Ryzen 5,16,256,17.3,Linux,982.4234444698108
Lenovo,Intel Core i5,8,512,17.3,Linux,2176.0
Lenovo,Intel Core i7,64,1024,13.3,macOS,1184.7246769309984
Lenovo,Intel Core i5,64,1024,14.0,macOS,1453.0
Lenovo,Intel Core i7,16,2048,15.6,Windows,2013.0184969466322
Apple,Intel Core i5,32,256,13.3,Windows,1289.6604822753905
Acer,Intel Core i5,8,2048,15.6,macOS,1785.6329332578757
Dell,Intel Core i5,8,256,13.3,Linux,562.4449798095983
HP,Intel Core i7,8,256,13.3,macOS,982.2911713495208
Lenovo,AMD Ryzen 7,32,1024,15.6,Windows,1633.167667094476
Lenovo,AMD Ryzen 7,32,2048,17.3,macOS,2703.6266801762695
Dell,Intel Core i5,64,512,17.3,macOS,2717.0
Lenovo,AMD Ryzen 7,16,2048,13.3,macOS,2707.0
Acer,AMD Ryzen 5,64,1024,17.3,Windows,1777.4051013563117
Dell,Intel Core i5,8,512,14.0,Linux,662.1805454540746
HP,AMD Ryzen 5,32,1024,13.3,Linux,1622.0
Apple,AMD Ryzen 7,8,2048,13.3,Linux,2739.0
Apple,AMD Ryzen 5,32,256,14.0,Linux,634.6326996334341
HP,Intel Core i5,64,2048,17.3,Windows,642.3838537187065
HP,AMD Ryzen 5,16,512,17.3,Linux,2130.907969440954
Dell,AMD Ryzen 7,16,2048,15.6,Linux,1943.1751879862256
HP,AMD Ryzen 5,16,2048,17.3,Linux,2027.2193989176249
Apple,Intel Core i5,64,512,13.3,macOS,2609.935305031493
Apple,AMD Ryzen 7,32,1024,17.3,macOS,2314.3526822058616
Lenovo,Intel Core i5,32,2048,15.6,Windows,2207.7632440888538
Apple,Intel Core i7,16,512,17.3,macOS,1568.1614270505445
HP,Intel Core i5,16,2048,13.3,macOS,2039.371364458141
Apple,Intel Core i7,8,256,17.3,macOS,2113.7908448814214
Dell,Intel Core i5,16,512,14.0,Windows,1264.523158421653
Acer,AMD Ryzen 5,8,512,17.3,Windows,2970.5290050083727
Acer,AMD Ryzen 7,64,256,17.3,Windows,1587.7288935468116
Apple,Intel Core i7,8,256,17.3,Windows,1646.9226636147828
Lenovo,Intel Core i5,64,2048,17.3,macOS,1869.4734547263884
Lenovo,AMD Ryzen 7,32,1024,14.0,macOS,2677.4735406596433
Lenovo,AMD Ryzen 7,16,1024,13.3,Windows,1732.358001243065
HP,AMD Ryzen 5,16,512,15.6,macOS,1878.6255973091909
Dell,Intel Core i5,16,512,14.0,Windows,1668.2117064153776
Acer,AMD Ryzen 7,64,256,14.0,Linux,1049.8848588034325
Apple,Intel Core i5,64,256,17.3,macOS,2553.11012703438
Apple,AMD Ryzen 5,8,1024,17.3,Linux,2901.6450469288193
HP,AMD Ryzen 7,32,512,17.3,macOS,1126.8162845452255
Dell,AMD Ryzen 7,16,1024,14.0,macOS,797.6236069972156
Acer,AMD Ryzen 5,8,2048,13.3,Linux,1367.5655270087402
HP,AMD Ryzen 7,8,256,15.6,macOS,2927.0
Dell,AMD Ryzen 5,8,2048,15.6,Linux,2912.3113649025854
Apple,Intel Core i5,16,512,17.3,Windows,2416.300724442142
Apple,AMD Ryzen 5,32,2048,13.3,Linux,1660.1929127028204
Apple,AMD Ryzen 5,32,256,14.0,Windows,2522.541442459293
Acer,AMD Ryzen 7,64,512,17.3,Linux,1203.1118856661428
Apple,AMD Ryzen 5,64,512,14.0,Linux,1566.0
Apple,Intel Core i5,32,512,15.6,macOS,2694.0688161102767
HP,Intel Core i7,32,1024,14.0,Windows,2855.1468028328572
Apple,AMD Ryzen 5,64,2048,15.6,macOS,904.1925480665151
Apple,AMD Ryzen 5,64,1024,14.0,Linux,1121.7849019999578
Apple,AMD Ryzen 5,64,512,14.0,Windows,2064.752391332988
Apple,AMD Ryzen 5,32,256,14.0,Linux,2890.13458944933
Dell,Intel Core i5,16,2048,14.0,Linux,499.67724608448776
Acer,AMD Ryzen 7,64,2048,13.3,Linux,1461.1297838221049
Lenovo,Intel Core i7,8,1024,15.6,macOS,1317.879332524636
Lenovo,AMD Ryzen 7,8,512,13.3,Windows,1691.0
Apple,Intel Core i5,16,256,13.3,Windows,2365.824314099375
Apple,Intel Core i7,32,2048,14.0,Linux,764.0
Apple,AMD Ryzen 5,64,1024,15.6,Linux,1521.5070466178672
Dell,Intel Core i5,16,512,17.3,Windows,1640.995226694011
HP,Intel Core i5,32,1024,13.3,macOS,2105.759059503412
Lenovo,AMD Ryzen 5,16,2048,17.3,Linux,1181.4760054332726
Acer,Intel Core i5,8,256,13.3,Windows,1413.0720023798253
HP,AMD Ryzen 7,16,2048,15.6,macOS,895.0
Lenovo,Intel Core i7,32,2048,14.0,macOS,1161.3567011382033
HP,Intel Core i5,32,1024,15.6,macOS,1410.7660143032958
Apple,Intel Core i5,16,2048,14.0,Windows,1214.4283868006576
Acer,Intel Core i7,64,2048,17.3,macOS,1295.2210874005227
Lenovo,Intel Core i7,8,2048,13.3,Windows,2096.4071797881816
Dell,Intel Core i5,32,1024,17.3,macOS,859.9785520201539
Acer,AMD Ryzen 5,64,512,17.3,macOS,1477.1006498497193
HP,AMD Ryzen 5,32,256,17.3,Linux,1647.6775263188695
Acer,Intel Core i5,16,512,17.3,Linux,1247.9894010592102
Lenovo,Intel Core i5,16,1024,13.3,Windows,498.6461387070517
Dell,Intel Core i7,16,512,15.6,Windows,1796.3732637727164
Lenovo,Intel Core i5,16,2048,13.3,Windows,2052.7146583683398
Apple,Intel Core i7,8,2048,17.3,macOS,1999.9918019651093
HP,AMD Ryzen 7,32,2048,13.3,Linux,707.4118046925287
Lenovo,AMD Ryzen 7,64,512,13.3,Windows,1713.404286437803
HP,AMD Ryzen 7,32,256,17.3,macOS,1095.0
HP,Intel Core i7,16,256,14.0,Windows,2717.54990130879
Acer,Intel Core i5,16,2048,15.6,Linux,1448.1596908265844
Apple,Intel Core i5,8,1024,14.0,Linux,2327.778789368491
Apple,Intel Core i7,64,2048,14.0,Linux,747.5230145939615
HP,Intel Core i5,8,2048,13.3,macOS,1508.0
Apple,Intel Core i7,8,1024,17.3,Windows,563.1931577205561
Lenovo,Intel Core i5,8,512,15.6,macOS,1817.7299010453708
Dell,AMD Ryzen 7,16,1024,15.6,macOS,1890.1455215199928
Lenovo,AMD Ryzen 5,64,256,17.3,Linux,1185.1043343621357
Lenovo,Intel Core i7,16,2048,15.6,Windows,2204.273131884113
HP,Intel Core i7,8,256,17.3,Windows,2668.893946769954
HP,AMD Ryzen 5,64,512,14.0,Linux,1587.96047339887
HP,AMD Ryzen 7,16,512,13.3,macOS,746.5297121525103
Acer,AMD Ryzen 7,64,256,15.6,macOS,1755.494142585496
Dell,AMD Ryzen 5,8,256,17.3,Windows,2384.295834442248
HP,Intel Core i7,16,512,15.6,Windows,3011.194898056965
Apple,Intel Core i7,64,2048,15.6,Windows,417.61779232278786
Dell,AMD Ryzen 5,32,256,15.6,Linux,2907.446533787333
Dell,Intel Core i7,64,256,17.3,macOS,1215.8629590436008
Apple,Intel Core i5,16,512,14.0,macOS,2048.0
Acer,Intel Core i5,32,1024,15.6,Windows,1441.3265644133476
HP,Intel Core i7,32,256,15.6,Windows,1217.8917104172049
Apple,AMD Ryzen 7,64,256,17.3,Linux,2731.234607395893
Dell,Intel Core i5,64,2048,13.3,Windows,1218.6457756395966
Dell,AMD Ryzen 7,16,512,14.0,macOS,1987.2774558466185
Lenovo,Intel Core i5,16,256,13.3,Windows,389.80824663928905
HP,AMD Ryzen 5,16,2048,17.3,macOS,2095.421525884307
Apple,Intel Core i5,8,512,13.3,Windows,1791.0
Acer,AMD Ryzen 5,64,1024,15.6,Linux,1109.9113306610539
Lenovo,AMD Ryzen 5,64,2048,13.3,macOS,2017.7623378704898
Lenovo,AMD Ryzen 5,8,512,14.0,macOS,2665.205453186245
Lenovo,AMD Ryzen 7,16,1024,15.6,Linux,2242.2779739326747
Acer,Intel Core i7,64,2048,14.0,macOS,1923.3308359171183
HP,AMD Ryzen 5,8,256,13.3,macOS,1827.905058721431
Dell,AMD Ryzen 7,32,512,17.3,macOS,912.0
HP,AMD Ryzen 7,8,1024,14.0,macOS,950.1879846113601
Dell,AMD Ryzen 7,64,1024,14.0,Linux,1529.4967722896213
Apple,AMD Ryzen 5,32,1024,13.3,Windows,2545.75695563382
HP,Intel Core i5,32,512,15.6,Windows,507.3103999346938
Lenovo,AMD Ryzen 5,8,256,17.3,Windows,2493.7924424919506
Apple,Intel Core i5,16,2048,15.6,Windows,2345.3641664169263
Lenovo,AMD Ryzen 5,16,256,15.6,Windows,2390.228145040242
Dell,Intel Core i5,64,1024,15.6,macOS,729.1097838374092
Lenovo,Intel Core i5,64,512,13.3,Linux,2037.090898456928
Apple,Intel Core i5,64,256,13.3,Linux,2280.3357447696358
HP,AMD Ryzen 5,16,1024,17.3,Linux,1521.0690139964768
Acer,AMD Ryzen 5,8,2048,13.3,macOS,1456.0
HP,Intel Core i7,32,512,17.3,Windows,1278.2268564028047
Apple,AMD Ryzen 5,64,2048,17.3,Linux,1612.0800601338567
Dell,AMD Ryzen 5,64,1024,14.0,Windows,1748.0337085538988
HP,AMD Ryzen 7,8,512,15.6,macOS,1065.9551747490373
HP,AMD Ryzen 7,32,256,14.0,Windows,2093.8533035969085
Lenovo,AMD Ryzen 5,8,1024,17.3,macOS,2048.518430435494
HP,AMD Ryzen 7,8,512,15.6,macOS,2889.244286462542
Apple,Intel Core i7,16,1024,17.3,macOS,2101.6349018223204
Lenovo,Intel Core i5,32,512,13.3,Linux,795.2227434510498
Acer,AMD Ryzen 7,32,256,17.3,Windows,1550.2497726908125
Acer,AMD Ryzen 5,8,512,14.0,Linux,3026.6547919573804
HP,AMD Ryzen 7,32,256,13.3,Linux,1218.30668461364
Acer,Intel Core i5,8,2048,13.3,Linux,1369.7989501902625
Dell,Intel Core i7,32,256,13.3,macOS,874.3404240865026
Dell,AMD Ryzen 5,64,256,13.3,macOS,1754.66717624541
Apple,AMD Ryzen 5,32,512,15.6,Windows,2735.796605239878
Acer,AMD Ryzen 5,16,2048,15.6,macOS,1463.7671620457365
Dell,Intel Core i5,16,512,17.3,Windows,1701.786716594471
Dell,AMD Ryzen 7,16,2048,15.6,Linux,1477.0
Acer,AMD Ryzen 5,16,2048,13.3,Linux,935.9301331176372
HP,AMD Ryzen 7,16,2048,17.3,macOS,1074.2374305355222
Apple,AMD Ryzen 5,32,2048,13.3,Linux,2735.238931847675
Acer,Intel Core i7,64,256,15.6,macOS,1453.2739746015936
Apple,Intel Core i7,64,2048,17.3,macOS,2068.0
Lenovo,AMD Ryzen 7,16,1024,17.3,macOS,2631.4840718610335
HP,AMD Ryzen 7,16,2048,15.6,macOS,2187.0
Acer,Intel Core i7,64,512,17.3,macOS,1296.3970290729687
Apple,AMD Ryzen 5,16,2048,15.6,Linux,1171.6786785140723
HP,AMD Ryzen 7,8,2048,17.3,macOS,2876.741650327865
Apple,AMD Ryzen 5,8,1024,14.0,Linux,2721.201601423504
Acer,AMD Ryzen 7,64,1024,17.3,Windows,1508.6155068789778
Acer,AMD Ryzen 7,8,1024,15.6,Linux,1165.3963974876644
Dell,AMD Ryzen 5,8,2048,14.0,macOS,2168.298149643901
Apple,Intel Core i7,8,512,17.3,Windows,1650.379957382871
Lenovo,Intel Core i5,32,1024,14.0,Windows,658.081716779731
Lenovo,Intel Core i5,32,2048,14.0,Windows,2130.0
Lenovo,AMD Ryzen 5,32,1024,13.3,Windows,2416.3820753205127
Acer,Intel Core i7,8,2048,17.3,macOS,1994.420023312939
Apple,AMD Ryzen 5,8,256,17.3,Linux,2788.701582558771
HP,AMD Ryzen 7,32,512,14.0,Windows,2118.0408994032678
Apple,AMD Ryzen 5,32,1024,14.0,Linux,555.1933057708823
Acer,Intel Core i7,16,2048,15.6,macOS,2016.0
Apple,Intel Core i7,8,1024,13.3,Windows,868.9671462130267
Acer,AMD Ryzen 7,16,256,14.0,Linux,1318.0950002687641
Apple,Intel Core i5,64,1024,17.3,Linux,2267.094996877671
HP,Intel Core i5,64,256,13.3,Windows,597.4576468385382
Apple,Intel Core i5,8,256,13.3,macOS,1986.007997411085
Acer,AMD Ryzen 7,8,2048,13.3,macOS,1875.7607611066387
Dell,AMD Ryzen 5,16,512,14.0,Windows,2306.080716905783
Dell,Intel Core i5,8,1024,13.3,macOS,2690.6712583233993
Lenovo,AMD Ryzen 5,64,512,14.0,Windows,2257.2510626406615
HP,AMD Ryzen 7,32,2048,17.3,Windows,2212.1698325624575
Acer,AMD Ryzen 7,16,256,14.0,Linux,1518.1545886183812
Apple,Intel Core i5,8,512,15.6,Linux,2453.9784634558996
Lenovo,Intel Core i7,32,256,15.6,macOS,1288.1503491801072
Apple,AMD Ryzen 5,32,2048,14.0,Windows,2731.1756840435523
Apple,Intel Core i7,64,256,14.0,Linux,808.2190296205442
Acer,AMD Ryzen 5,16,1024,17.3,macOS,1123.7133331563862
Lenovo,AMD Ryzen 5,64,512,13.3,macOS,2889.319793850067
Apple,AMD Ryzen 5,16,2048,15.6,Linux,2718.5469678737936
Acer,AMD Ryzen 5,32,512,15.6,Linux,3059.4374359543635
Lenovo,AMD Ryzen 7,64,1024,15.6,Windows,1769.5142601563198
Dell,AMD Ryzen 5,32,2048,17.3,Windows,1799.9763183683017
Lenovo,AMD Ryzen 7,8,1024,17.3,macOS,2675.727815846448
Lenovo,Intel Core i5,8,256,17.3,Windows,2063.4888223635962
Apple,Intel Core i5,32,1024,17.3,Windows,1305.7542531161148
Acer,AMD Ryzen 7,16,512,13.3,Linux,1617.2663245709193
Acer,Intel Core i5,16,2048,13.3,macOS,1730.9627894869636
Apple,Intel Core i5,32,2048,13.3,Windows,1782.2613322827397
Apple,Intel Core i5,8,512,13.3,macOS,2172.151173614553
Dell,Intel Core i7,64,256,13.3,macOS,1188.5848087872369
Acer,AMD Ryzen 7,64,1024,14.0,Windows,1613.457848166726
Acer,AMD Ryzen 7,16,2048,14.0,Windows,1911.9520719018178
Apple,Intel Core i5,16,256,15.6,Windows,1696.1685637640107
Acer,Intel Core i5,64,512,15.6,Windows,1372.0
Apple,AMD Ryzen 5,64,2048,15.6,Linux,2800.143022009797
Acer,AMD Ryzen 7,32,2048,17.3,Linux,1555.9843073073246
Dell,AMD Ryzen 7,16,256,17.3,Linux,1510.0664435687365
Lenovo,AMD Ryzen 7,64,256,14.0,Linux,2293.7223120707877
Apple,Intel Core i5,64,1024,15.6,Windows,2429.4861326588116
HP,AMD Ryzen 5,16,512,13.3,Linux,1623.7519261346263
Acer,AMD Ryzen 5,16,2048,13.3,macOS,1195.8007282335436
Lenovo,AMD Ryzen 5,64,512,13.3,macOS,2805.0
Lenovo,AMD Ryzen 7,32,512,14.0,Linux,2399.8285183412036
Lenovo,Intel Core i7,64,2048,15.6,Windows,2149.0
Apple,AMD Ryzen 5,8,1024,13.3,Linux,2821.5889546936446
Apple,AMD Ryzen 5,64,2048,17.3,Linux,2815.546798038183
Acer,Intel Core i5,8,2048,14.0,Windows,1387.595053423759
Acer,AMD Ryzen 7,16,512,15.6,Linux,1585.7592580890487
HP,Intel Core i5,8,2048,13.3,macOS,1326.9131463197318
Acer,Intel Core i7,8,256,15.6,macOS,1195.433747750214
Dell,Intel Core i7,32,256,17.3,macOS,822.3137785490985
Apple,AMD Ryzen 5,32,2048,15.6,macOS,906.3903018559613
Dell,Intel Core i7,64,2048,13.3,Windows,1710.945528602373
Acer,AMD Ryzen 5,32,2048,15.6,macOS,1275.795790430953
Apple,Intel Core i7,8,1024,17.3,Windows,1413.160264824258
HP,AMD Ryzen 5,64,512,13.3,Linux,2050.3221230451786
Apple,AMD Ryzen 7,8,256,13.3,Windows,2518.658504428645
Apple,Intel Core i5,8,2048,14.0,macOS,2069.7611468763494
Apple,Intel Core i5,32,2048,17.3,Windows,1297.7385670145065
Apple,AMD Ryzen 5,64,1024,14.0,Linux,1231.1139103177995
Lenovo,Intel Core i5,16,256,17.3,macOS,1341.4720682185646
Apple,Intel Core i5,32,1024,17.3,macOS,2043.7913097510327
Dell,Intel Core i7,16,256,15.6,macOS,1287.9950636326405
Apple,Intel Core i5,16,1024,17.3,Windows,1313.8177592559514
Acer,AMD Ryzen 7,64,512,15.6,Windows,2713.982196601584
HP,Intel Core i5,16,2048,17.3,macOS,1477.0696581798968
HP,AMD Ryzen 5,16,256,15.6,macOS,1886.9223030097094
Apple,AMD Ryzen 5,32,1024,17.3,Windows,2063.3156162490286
HP,Intel Core i5,8,2048,15.6,macOS,1141.039822895446
HP,AMD Ryzen 7,16,256,13.3,Linux,1199.7323101883098
HP,AMD Ryzen 7,8,1024,15.6,macOS,2305.5443053476974
HP,Intel Core i7,8,1024,13.3,Windows,2750.973588983345
Lenovo,Intel Core i5,64,2048,17.3,Windows,584.1193644842945
Dell,Intel Core i7,16,1024,15.6,macOS,1293.4661686952165
Dell,Intel Core i7,8,1024,14.0,macOS,688.3329585233689
Acer,Intel Core i5,32,256,13.3,Windows,1442.7484974769377
Lenovo,AMD Ryzen 5,16,256,17.3,macOS,2808.25806387264
HP,AMD Ryzen 5,64,1024,15.6,Linux,1601.7819011012296
Apple,Intel Core i5,32,256,15.6,Windows,2365.9200827256473
HP,AMD Ryzen 5,32,512,17.3,Linux,2057.528982168913
Acer,AMD Ryzen 5,8,256,15.6,Linux,940.2044987170833
Apple,AMD Ryzen 5,16,2048,14.0,Windows,2838.6501967166528
Lenovo,AMD Ryzen 7,16,1024,15.6,Windows,1607.3528372485098
Apple,AMD Ryzen 7,16,2048,15.6,macOS,2225.335777464945
Apple,AMD Ryzen 5,64,1024,17.3,Linux,1570.5342914777743
Acer,AMD Ryzen 7,32,256,17.3,Linux,1098.1999006228184
Lenovo,Intel Core i5,64,256,15.6,Linux,2107.9878746402574
Dell,AMD Ryzen 7,64,1024,17.3,macOS,939.7269562056304
HP,Intel Core i5,64,512,13.3,macOS,1424.9429264011762
HP,AMD Ryzen 7,8,512,17.3,macOS,2928.4103372147397
Apple,AMD Ryzen 5,16,512,17.3,macOS,849.5753299349321
Apple,Intel Core i7,16,256,15.6,Windows,902.1464312820276
Lenovo,Intel Core i5,16,1024,17.3,Linux,849.9155345133101
Acer,AMD Ryzen 5,16,256,13.3,Linux,1356.7333290115776
Dell,Intel Core i5,8,512,14.0,macOS,764.8323955839086
Apple,AMD Ryzen 5,32,512,17.3,Linux,569.4137472642716
Acer,Intel Core i7,32,256,17.3,macOS,1990.1783905704224
Lenovo,Intel Core i5,32,2048,15.6,Linux,2181.178248344748
Dell,Intel Core i5,8,256,14.0,Windows,1573.9382343389814
Dell,Intel Core i5,16,1024,17.3,Windows,1300.67042327031
Acer,AMD Ryzen 5,16,2048,17.3,Linux,1213.8819488263289
HP,AMD Ryzen 5,8,2048,15.6,macOS,2200.197991153045
Apple,Intel Core i5,32,1024,13.3,Windows,1841.4897702778455
Dell,AMD Ryzen 5,32,2048,17.3,Windows,2316.1439900982105
HP,AMD Ryzen 7,8,2048,15.6,macOS,2827.2496250224563
Apple,AMD Ryzen 5,8,512,15.6,Linux,2745.945030173878
Lenovo,Intel Core i5,64,256,15.6,Linux,749.0234820731995
Apple,Intel Core i5,8,512,14.0,Windows,1862.5434181424127
Dell,AMD Ryzen 5,32,256,14.0,Linux,2892.749718656998
Acer,AMD Ryzen 7,32,1024,17.3,Linux,1425.752444412028
HP,AMD Ryzen 5,32,1024,17.3,macOS,1826.4805286037003
Dell,Intel Core i7,16,2048,17.3,macOS,1221.8081421525474
Acer,AMD Ryzen 7,32,512,15.6,Windows,1797.3833600401504
Acer,AMD Ryzen 5,16,256,15.6,Linux,1030.5428348330704
HP,Intel Core i5,64,1024,17.3,Windows,702.3632594868602
Apple,Intel Core i5,16,1024,13.3,Windows,1787.1762931869985
Dell,AMD Ryzen 5,32,2048,13.3,Windows,2408.3627753975807
Acer,AMD Ryzen 5,8,2048,14.0,Windows,1601.968787021125
Acer,Intel Core i5,16,512,14.0,Linux,1367.2469514919737
Dell,Intel Core i7,16,1024,14.0,Windows,1664.9269114265403
Apple,AMD Ryzen 5,64,512,15.6,macOS,845.6698839660157
Apple,Intel Core i5,8,512,13.3,Linux,2440.6998154831654
Lenovo,AMD Ryzen 7,32,512,17.3,Linux,2223.985930146675
Acer,Intel Core i7,16,256,14.0,macOS,1462.5671184833382
HP,AMD Ryzen 7,8,256,15.6,Linux,643.6871155776626
Dell,Intel Core i7,8,256,15.6,macOS,1673.3539501162013
Apple,AMD Ryzen 7,8,2048,17.3,Linux,2697.0455371930357
Dell,Intel Core i5,16,512,17.3,Linux,645.8001364332367
Dell,AMD Ryzen 5,32,256,17.3,macOS,1785.8754428692112
Dell,AMD Ryzen 7,64,512,13.3,Linux,2007.8207239154142
Acer,AMD Ryzen 5,8,512,14.0,macOS,1440.098428274791
HP,AMD Ryzen 7,16,256,15.6,macOS,2211.9211952015594
Apple,Intel Core i7,16,2048,14.0,Windows,1380.3834404568238
HP,Intel Core i7,16,256,13.3,macOS,2577.9014835674393
Acer,AMD Ryzen 5,8,512,13.3,Linux,1096.4543361297326
Apple,Intel Core i5,16,512,15.6,Windows,2432.8009796056963
Apple,Intel Core i5,16,256,17.3,Windows,2323.007983038017
HP,Intel Core i5,32,1024,14.0,macOS,2054.4991810258166
HP,Intel Core i7,8,1024,13.3,Windows,1256.2287421954063
Apple,AMD Ryzen 5,32,256,13.3,macOS,912.562964108934
Acer,AMD Ryzen 5,64,2048,13.3,Windows,2873.093176029019
Dell,AMD Ryzen 7,32,256,17.3,Linux,2005.3661880302964
Dell,Intel Core i5,16,256,15.6,Windows,1799.2260060401345
Dell,AMD Ryzen 5,16,256,13.3,Linux,2983.4054770356693
Acer,Intel Core i5,32,512,15.6,Windows,1451.8384548922836
Apple,AMD Ryzen 7,8,512,14.0,Windows,2428.4729565036982
Acer,AMD Ryzen 7,8,256,13.3,Windows,1987.439405123536
Acer,AMD Ryzen 7,16,1024,13.3,Windows,2599.1311427553833
HP,Intel Core i7,64,2048,13.3,macOS,1056.8222749031652
HP,Intel Core i5,16,256,14.0,macOS,1189.263654206938
Dell,Intel Core i5,64,1024,13.3,macOS,709.8747463698112
Apple,AMD Ryzen 5,64,512,17.3,Windows,2553.785870620494
HP,Intel Core i7,8,512,17.3,macOS,994.2401333474229
Apple,Intel Core i5,64,2048,13.3,Windows,1841.4531143062259
Dell,AMD Ryzen 5,8,512,13.3,Windows,1972.7555885425838
Acer,AMD Ryzen 7,64,256,13.3,Linux,1420.42656831482
Dell,AMD Ryzen 7,64,2048,17.3,Linux,1423.4911679163192
HP,Intel Core i5,32,512,17.3,macOS,1520.5407591155956
Apple,Intel Core i5,16,2048,17.3,macOS,2601.8132718580646
HP,AMD Ryzen 7,16,2048,15.6,macOS,1126.6539666601761
Apple,Intel Core i7,32,1024,14.0,Windows,1687.8993994394623
Lenovo,Intel Core i5,64,1024,14.0,macOS,1895.2149992992809
Dell,AMD Ryzen 5,32,2048,13.3,macOS,1738.0
Apple,AMD Ryzen 7,64,512,14.0,Linux,2631.062915565124
HP,Intel Core i7,64,2048,13.3,macOS,2546.1672041763027
HP,AMD Ryzen 7,64,512,17.3,Linux,1293.5045691876091
Dell,AMD Ryzen 5,32,512,15.6,Linux,2987.3348210823638
Acer,AMD Ryzen 5,16,1024,13.3,Linux,1325.0
Apple,AMD Ryzen 5,8,2048,17.3,Linux,1200.7887011816929
Dell,Intel Core i5,32,512,15.6,Windows,1241.2664975580926
Lenovo,AMD Ryzen 5,8,2048,13.3,Windows,2343.66888155247
Lenovo,AMD Ryzen 5,64,256,15.6,macOS,2070.8474162568373
HP,AMD Ryzen 7,8,2048,13.3,macOS,1107.4111230903845
Acer,AMD Ryzen 7,64,1024,14.0,Windows,2592.2785805804438
HP,Intel Core i5,8,256,17.3,macOS,2082.1767050915264
Dell,Intel Core i5,8,512,15.6,Linux,585.33637409093
Lenovo,Intel Core i5,64,256,13.3,macOS,1916.0
HP,Intel Core i7,8,2048,13.3,Windows,2738.36803021998
Apple,AMD Ryzen 5,8,256,13.3,Linux,1190.2731684157307
Apple,AMD Ryzen 7,64,512,17.3,Linux,2721.569315182721
Acer,AMD Ryzen 7,64,2048,13.3,Linux,1494.4540409301978
Lenovo,AMD Ryzen 5,64,1024,17.3,macOS,2046.8054317602537
HP,AMD Ryzen 5,8,256,14.0,macOS,1899.8723690259258
Acer,Intel Core i5,16,2048,17.3,Windows,1405.8450256493063
Apple,Intel Core i5,8,2048,15.6,Windows,1245.2886088269454
Lenovo,Intel Core i5,16,1024,14.0,Linux,961.6510296976156
Lenovo,Intel Core i5,32,1024,14.0,Linux,2136.426141831214
Dell,Intel Core i5,16,512,13.3,macOS,2756.824751626252
HP,AMD Ryzen 5,16,256,13.3,Linux,2060.634127696336
HP,Intel Core i7,16,2048,13.3,Windows,2974.8791387343854
HP,AMD Ryzen 7,16,256,17.3,macOS,2145.938639411074
Acer,AMD Ryzen 5,8,512,13.3,macOS,1377.5272064357448
Acer,AMD Ryzen 7,8,512,13.3,macOS,1848.0
Apple,Intel Core i7,32,1024,17.3,Linux,585.9963070899921
Apple,AMD Ryzen 7,64,512,14.0,Linux,2774.5745659152713
Apple,AMD Ryzen 5,32,256,13.3,Linux,570.0791126992208
Acer,Intel Core i5,8,1024,17.3,Linux,1334.9554435432676
Dell,AMD Ryzen 7,8,512,15.6,macOS,825.3834707824848
HP,Intel Core i5,64,1024,13.3,macOS,1532.615837348645
Lenovo,Intel Core i5,16,1024,14.0,Windows,476.673589344497
Acer,AMD Ryzen 7,8,256,13.3,Linux,1285.4693766311048
HP,Intel Core i7,64,2048,14.0,macOS,2576.0
Acer,AMD Ryzen 7,32,256,17.3,macOS,1743.4775944631845
HP,Intel Core i7,8,256,14.0,Windows,1244.5538320253122
HP,AMD Ryzen 7,16,512,13.3,Linux,734.7810027781034
Lenovo,Intel Core i5,16,2048,17.3,Linux,920.7908939708691
Lenovo,Intel Core i5,32,2048,15.6,Linux,2131.3520967728086
Acer,AMD Ryzen 7,64,512,17.3,Windows,2643.0
Apple,AMD Ryzen 5,32,1024,13.3,macOS,917.0
Apple,AMD Ryzen 5,8,1024,13.3,Windows,2741.380641428241
HP,Intel Core i5,8,2048,15.6,macOS,1296.111532986506
Apple,AMD Ryzen 7,8,512,17.3,macOS,2185.9626223112377
Lenovo,AMD Ryzen 5,32,256,13.3,Linux,1171.231120126359
HP,Intel Core i7,8,1024,15.6,Windows,1253.0
Acer,AMD Ryzen 7,8,2048,17.3,Windows,1576.932023631419
Lenovo,Intel Core i7,8,512,15.6,macOS,1170.878173973774
Lenovo,Intel Core i5,32,512,14.0,macOS,1414.2628628073885
Acer,AMD Ryzen 7,64,512,15.6,Windows,1866.989682391847
Apple,Intel Core i7,64,512,13.3,macOS,1566.6869748805527
Apple,Intel Core i5,32,512,15.6,Windows,1193.1406542345555
Dell,AMD Ryzen 5,16,256,14.0,macOS,2157.7666786235823
Acer,AMD Ryzen 7,8,512,14.0,Linux,1439.691790945114
Dell,Intel Core i7,32,1024,15.6,Windows,1663.8966478986215
Lenovo,Intel Core i5,64,1024,15.6,Linux,2181.195021245384
HP,Intel Core i7,64,512,13.3,macOS,2568.309035215808
Dell,AMD Ryzen 7,16,2048,17.3,macOS,822.8167807769983
Acer,AMD Ryzen 5,8,512,15.6,macOS,1198.0
Acer,Intel Core i7,16,256,13.3,macOS,1383.4389077627027
Acer,AMD Ryzen 7,16,2048,13.3,Windows,2629.366186280371
Apple,AMD Ryzen 5,16,512,14.0,Windows,2541.6691352079233
Dell,AMD Ryzen 7,32,256,17.3,Linux,1957.2441448300624
HP,AMD Ryzen 5,16,256,14.0,macOS,2078.372281579469
Dell,AMD Ryzen 7,8,256,13.3,macOS,1023.830998837853
Acer,AMD Ryzen 5,16,512,13.3,macOS,1301.9097615378646
HP,AMD Ryzen 7,16,1024,15.6,Windows,2135.0
Acer,Intel Core i5,32,256,14.0,Linux,1314.4105188667006
Apple,AMD Ryzen 7,64,2048,17.3,Windows,2431.0
Apple,Intel Core i5,8,256,17.3,macOS,2552.6493701982313
Apple,AMD Ryzen 5,64,256,17.3,Linux,1175.0
Lenovo,Intel Core i5,16,512,15.6,Linux,2087.3507873201484
Apple,AMD Ryzen 5,8,256,17.3,Windows,2630.1274898896686
Dell,Intel Core i5,16,1024,15.6,macOS,756.0745296239946
HP,Intel Core i7,16,1024,15.6,Windows,2687.5108571307255
Apple,Intel Core i7,64,512,17.3,macOS,2065.669221589996
Dell,Intel Core i7,32,1024,15.6,Windows,1774.8450911232994
Apple,AMD Ryzen 5,32,2048,14.0,Linux,2764.0
Apple,Intel Core i7,16,2048,15.6,macOS,1557.0020459630225
Acer,Intel Core i7,64,512,13.3,macOS,2028.5197791702058
HP,AMD Ryzen 7,64,256,17.3,macOS,2171.4935241935095
Apple,Intel Core i5,16,2048,17.3,Windows,1806.033058082769
Dell,AMD Ryzen 5,16,1024,13.3,Linux,3050.9771153706806
Lenovo,Intel Core i5,64,256,17.3,macOS,1941.872764117113
Acer,AMD Ryzen 5,64,2048,15.6,Linux,2927.079704771637
Apple,AMD Ryzen 5,8,512,13.3,Linux,2849.262830265843
Lenovo,Intel Core i5,16,2048,14.0,Windows,2063.551369778008
Apple,AMD Ryzen 5,64,2048,13.3,macOS,998.9182550165362
Dell,AMD Ryzen 5,8,2048,17.3,Windows,1728.683530158938
Acer,AMD Ryzen 5,16,2048,15.6,Windows,1705.7785838396765
HP,AMD Ryzen 7,8,512,14.0,macOS,3001.083004933411
Acer,AMD Ryzen 5,64,2048,14.0,macOS,1369.9010531658605
Apple,Intel Core i5,16,256,14.0,Linux,2268.3891555042687
Acer,AMD Ryzen 5,32,2048,17.3,Linux,2960.7550835092516
Apple,AMD Ryzen 5,16,2048,17.3,macOS,883.5336251045101
Dell,AMD Ryzen 5,16,512,17.3,Windows,1742.7612600853163
Apple,AMD Ryzen 5,32,1024,17.3,Linux,662.4712747093508
Acer,AMD Ryzen 5,32,512,13.3,Linux,2951.3857301061926
Lenovo,Intel Core i5,16,2048,14.0,Linux,2189.3911082899303
Dell,AMD Ryzen 7,64,512,17.3,Linux,2050.573392366176
Acer,Intel Core i5,64,1024,14.0,macOS,1576.167953091331
Acer,Intel Core i7,64,256,15.6,macOS,1210.7788300554366
HP,Intel Core i7,8,2048,17.3,macOS,999.278492025177
Apple,Intel Core i7,8,2048,17.3,Windows,880.162635721754
Lenovo,Intel Core i5,32,256,14.0,macOS,1411.187824791356
Acer,AMD Ryzen 5,8,2048,14.0,Linux,2989.0
Acer,Intel Core i7,8,1024,14.0,macOS,1948.963889094286
Acer,AMD Ryzen 5,8,512,13.3,Windows,2912.135790099069
Apple,AMD Ryzen 5,64,2048,13.3,macOS,898.3678287305341
Acer,AMD Ryzen 7,64,1024,14.0,Windows,1565.0
HP,Intel Core i7,32,2048,14.0,macOS,1042.1306540001824
Lenovo,AMD Ryzen 5,16,2048,14.0,Linux,1116.0
HP,AMD Ryzen 7,64,256,15.6,macOS,842.7722294837695
Lenovo,AMD Ryzen 5,32,256,17.3,macOS,2813.077446456714
HP,Intel Core i7,8,2048,13.3,Windows,1306.1574832041981
Lenovo,AMD Ryzen 5,64,2048,14.0,Windows,2319.7231256949412
HP,Intel Core i7,8,1024,17.3,Windows,3101.6109203235383
Dell,Intel Core i7,64,512,13.3,Windows,1697.0
HP,Intel Core i5,16,512,13.3,macOS,1285.2380270318135
HP,AMD Ryzen 5,64,1024,14.0,Linux,2085.7604762110095
HP,AMD Ryzen 7,8,256,14.0,Windows,2127.4575498374056
Dell,AMD Ryzen 7,8,2048,13.3,Linux,1454.5393687720857
Dell,AMD Ryzen 7,8,1024,14.0,Linux,1917.428572923127
Dell,AMD Ryzen 5,64,256,17.3,Windows,2479.7702328733335
HP,AMD Ryzen 5,64,512,15.6,macOS,2187.0
HP,AMD Ryzen 7,64,2048,15.6,macOS,2977.9622265878343
Apple,AMD Ryzen 7,32,1024,15.6,macOS,2343.189702511514
Dell,Intel Core i5,64,256,13.3,macOS,773.5035186840682
HP,AMD Ryzen 7,32,2048,14.0,Linux,665.9072059472892
HP,Intel Core i7,8,2048,13.3,Windows,2987.1647629001222
Apple,AMD Ryzen 5,64,512,15.6,Linux,1051.3914963035575
Lenovo,Intel Core i5,16,2048,15.6,Linux,2247.6236123396684
HP,Intel Core i5,64,256,14.0,macOS,1546.7484494875625
Dell,AMD Ryzen 5,16,256,15.6,macOS,2111.5846647682197
Dell,Intel Core i5,16,1024,13.3,Windows,1605.026798895505
Acer,AMD Ryzen 7,64,2048,17.3,Windows,1734.675000490562
Acer,AMD Ryzen 7,64,1024,17.3,macOS,1817.7796196241281
Apple,AMD Ryzen 5,64,2048,14.0,Windows,2059.3055636066756
HP,AMD Ryzen 5,16,256,14.0,Linux,1634.3975416660428
HP,Intel Core i7,64,2048,15.6,Windows,3033.239225103191
HP,AMD Ryzen 7,16,1024,15.6,macOS,789.5646993209186
Acer,AMD Ryzen 5,16,512,14.0,macOS,1151.0157891456656
Dell,Intel Core i7,8,256,14.0,macOS,1201.1554629412421
Lenovo,Intel Core i5,16,512,15.6,macOS,1487.4641792054213
Acer,AMD Ryzen 5,16,2048,13.3,Windows,2909.7802309523327
Dell,AMD Ryzen 7,16,1024,15.6,macOS,1970.33445718096
HP,AMD Ryzen 7,8,2048,13.3,macOS,843.4751959425871
Dell,Intel Core i7,32,512,14.0,macOS,1681.1148154682128
Apple,Intel Core i7,64,512,15.6,Windows,1442.7825420072638
Apple,Intel Core i5,8,512,14.0,Windows,2403.0
Acer,AMD Ryzen 7,64,256,13.3,Linux,1528.5789490822
HP,AMD Ryzen 5,16,512,14.0,macOS,1996.924674549283
Apple,Intel Core i5,16,2048,14.0,macOS,2642.124635315497
Acer,AMD Ryzen 7,32,1024,14.0,Windows,2639.3542826041894
Apple,AMD Ryzen 5,8,256,17.3,Linux,2718.33863059178
Acer,Intel Core i5,64,2048,17.3,macOS,1691.0
HP,AMD Ryzen 5,8,256,17.3,macOS,2230.7387283305166
HP,AMD Ryzen 7,16,2048,14.0,Linux,1172.454228646608
HP,AMD Ryzen 5,32,512,17.3,macOS,1832.8250640147785
Dell,AMD Ryzen 7,16,256,13.3,Linux,1992.8730332430632
Dell,AMD Ryzen 5,64,256,14.0,Windows,1757.6763089189262
Dell,Intel Core i7,64,512,14.0,Windows,1762.0412482585589
Dell,AMD Ryzen 5,64,2048,14.0,macOS,1606.923879819584
HP,Intel Core i7,8,2048,14.0,macOS,1055.691526903933
HP,AMD Ryzen 5,64,512,13.3,macOS,2241.624431771168
Dell,Intel Core i7,16,256,14.0,Windows,1730.030715349591
HP,AMD Ryzen 5,8,1024,17.3,Linux,1680.1325450144304
Apple,Intel Core i5,8,256,14.0,Linux,2392.29100839385
Lenovo,AMD Ryzen 5,32,256,17.3,macOS,2839.5837172105735
Apple,AMD Ryzen 5,32,256,14.0,macOS,1035.3561726948567
Lenovo,Intel Core i7,16,256,14.0,macOS,1234.5974278220358
HP,Intel Core i7,32,512,13.3,Windows,2702.108618016808
Acer,Intel Core i7,32,512,15.6,macOS,1312.2322506535606
Dell,AMD Ryzen 7,8,1024,17.3,macOS,1945.0
Acer,AMD Ryzen 7,16,1024,14.0,Windows,1968.1025278700379
Dell,Intel Core i5,32,1024,13.3,macOS,734.0
Apple,Intel Core i5,32,256,17.3,Windows,2424.6694642575367
Lenovo,Intel Core i7,64,1024,13.3,macOS,1225.958340901399
Apple,AMD Ryzen 7,64,2048,14.0,Windows,2418.0836091779074
HP,Intel Core i7,64,256,17.3,Windows,3007.0470553038112
Acer,Intel Core i5,64,256,17.3,macOS,1675.8398819439874
Apple,AMD Ryzen 7,8,1024,13.3,Windows,2392.2717479917214
HP,AMD Ryzen 5,16,256,17.3,macOS,1940.0
Apple,AMD Ryzen 7,16,256,13.3,macOS,2331.8292357110595
Acer,Intel Core i7,8,256,13.3,macOS,1350.0
Lenovo,Intel Core i5,8,512,15.6,Linux,941.0388210235898
Dell,Intel Core i5,32,2048,15.6,Windows,1157.2721023571125
HP,AMD Ryzen 5,64,1024,15.6,macOS,1826.3478589893384
Acer,AMD Ryzen 5,32,2048,15.6,Linux,1315.1255921911368
Lenovo,Intel Core i5,64,512,15.6,Linux,2174.490103611288
